"#","ML Number","Status","Address","City","Zip","Legal Subdivision Name","Heated Area","Tax ID","Current Price","Beds","Full Baths","Half Baths","Year Built","Pool","Property Style","Ownership","Tax","CDOM","ADOM","Days to Contract","Sold Terms","Close Date","LP / SqFt","SP/SqFt","SP / LP","List Office","List Agent","List Agent ID","Selling Office ID","LSC List Side","List Office Primary Board ID"
"1","GC520652","SLD","17006 NW 171ST PL","ALACHUA","32615","N/A","3,090","03049-001-005","$778,000","4","3","0","1984","Private","Single Family Residence","Fee Simple","$10,721.13","20","20","20","Conventional","06/11/2024","$258.58","$251.78","0.97","HORIZON REALTY OF ALACHUA INC","Leslie Morgan","259500935","259500025","Gainesville-Alachua","Gainesville-Alachua"
"1","GC519556","SLD","2103 NW 24TH ST","GAINESVILLE","32605","MAPLE HILL","4,222","06427-020-011","$778,200","4","3","1","1998","None","Single Family Residence","Fee Simple","$11,481.98","114","114","114","Cash","09/12/2024","$207.25","$184.32","0.89","BOSSHARDT REALTY SERVICES LLC","Amy Yang","259506118","55055","Gainesville-Alachua","Gainesville-Alachua"
"1","GC519835","SLD","621 SW 26TH PL","GAINESVILLE","32601","N/A","2,840","15690-001-000","$779,000","3","2","0","1952","Private","Single Family Residence","Fee Simple","$4,817.66","3","3","4","Conventional","04/05/2024","$274.30","$274.3","1.00","COLDWELL BANKER M.M. PARRISH R","Patti Alvarado","259504997","259505695","Gainesville-Alachua","Gainesville-Alachua"
"1","GC522191","SLD","3839 SW 78TH ST","GAINESVILLE","32608","KENWOOD","3,281","06849-002-025","$779,500","4","3","1","2002","Private","Single Family Residence","Fee Simple","$9,025.00","91","91","91","Cash","09/04/2024","$243.52","$237.58","0.98","BOSSHARDT REALTY SERVICES LLC","Ken Cornell","259503253","259504926","Gainesville-Alachua","Gainesville-Alachua"
"1","GC525663","SLD","3904 SW 95TH DR","GAINESVILLE","32608","HAILE PLANTATION UNIT 33 PH I","2,860","06860-331-044","$779,900","4","3","1","1997","Private","Single Family Residence","Fee Simple","$11,390.71","4","4","10","Conventional","11/29/2024","$274.44","$272.69","0.99","MATCHMAKER REALTY OF ALACHUA COUNTY","Scott Arvin","259503590","259507001","Gainesville-Alachua","Gainesville-Alachua"
"1","GC523811","SLD","10015 SW 2ND PL","GAINESVILLE","32607","FORT CLARK FOREST","3,481","06661-057-000","$780,000","4","4","0","1988","None","Single Family Residence","Fee Simple","$7,262.88","27","27","27","Cash","09/10/2024","$238.44","$224.07","0.94","REAL BROKER, LLC","Paul Curlings","259505857","259500035","Gainesville-Alachua","Orlando Regional"
"1","GC519827","SLD","1524 SW 115TH ST","GAINESVILLE","32607","BALMORAL","3,051","04423-010-011","$780,000","4","3","0","1999","Private","Single Family Residence","Fee Simple","$9,311.81","47","47","47","Conventional","05/22/2024","$262.21","$255.65","0.98","FLORIDA HOMES REALTY & MORTGAGE LLC","Heather Damron","259505195","259504926","Gainesville-Alachua","Gainesville-Alachua"
"1","GC517649","SLD","5629 NW 97TH ST","GAINESVILLE","32653","HAMMOCK THE","3,727","06037-045-000","$780,000","5","3","1","1979","None","Single Family Residence","Fee Simple","$5,149.00","19","19","19","Cash","03/08/2024","$219.75","$209.28","0.95","BHGRE THOMAS GROUP","Kim Chalmers","259505909","259504964","Gainesville-Alachua","Gainesville-Alachua"
"1","GC524401","SLD","4335 SW 83RD WAY","GAINESVILLE","32608","HAILE PLANTATION UNIT 9 PH I-A","3,523","06860-090-032","$782,500","5","3","0","2002","None","Single Family Residence","Fee Simple","$15,445.31","11","11","11","Conventional","10/04/2024","$234.18","$222.11","0.95","MOMENTUM REALTY - GAINESVILLE","Kelly Crews","259505122","259500004","Gainesville-Alachua","Gainesville-Alachua"
"1","GC521588","SLD","10818 SW 20TH PL","GAINESVILLE","32607","ABBEY GLEN","2,665","04422-010-019","$785,000","4","3","0","2001","Private","Single Family Residence","Fee Simple","$8,000.00","0","0","0","Conventional","04/29/2024","$294.56","$294.56","1.00","BHGRE THOMAS GROUP","Tiffany Thomas","259503896","264000987","Gainesville-Alachua","Gainesville-Alachua"
"1","GC518198","SLD","12050 SW 32ND LN","GAINESVILLE","32608","OAKMONT","3,191","04427-111-562","$786,700","4","3","1","2023","Community","Single Family Residence","Co-op","$0.00","47","47","47","Conventional","05/24/2024","$247.10","$246.54","1.00","ICI SELECT REALTY","Ali Kargar","253004979","259504926","Gainesville-Alachua","Tampa"
"1","GC523157","SLD","17605 NW 278TH AVE","ALACHUA","32615","ROLLING HILLS","3,217","02796-010-006","$787,500","4","2","1","2005","Private","Single Family Residence","Fee Simple","$6,570.00","64","64","74","Cash","10/14/2024","$247.12","$244.79","0.99","UNIVERSITY REALTY","Eric Leightman","259503308","259500037","Gainesville-Alachua","Gainesville-Alachua"
"1","GC520857","SLD","3321 SW 94TH DR","GAINESVILLE","32608","HAILE PLANTATION UNIT 34 PH II","2,972","06860-342-017","$790,000","5","3","1","2000","None","Single Family Residence","Fee Simple","$7,421.00","5","5","5","Conventional","06/07/2024","$269.15","$265.81","0.99","BHGRE THOMAS GROUP","Tiffany Thomas","259503896","259504926","Gainesville-Alachua","Gainesville-Alachua"
"1","GC517931","SLD","4525 SW 105TH DR","GAINESVILLE","32608","HAILE PLANTATION","3,595","06860-210-028","$790,000","4","3","1","1998","Private","Single Family Residence","Fee Simple","$9,428.00","19","19","20","Conventional","02/14/2024","$222.25","$219.75","0.99","BOSSHARDT REALTY SERVICES LLC","Michele Loeffler","259500408","259504964","Gainesville-Alachua","Gainesville-Alachua"
"1","GC521517","SLD","2281 NW 24TH AVE","GAINESVILLE","32605","HERMITAGE","2,964","09003-005-046","$792,000","3","2","2","1983","Private","Single Family Residence","Fee Simple","$1,091.00","5","5","8","Conventional","06/14/2024","$267.21","$267.21","1.00","COLDWELL BANKER M.M. PARRISH R","Lauretta Fogg","259500478","259505695","Gainesville-Alachua","Gainesville-Alachua"
"1","GC517060","SLD","11218 SW 34TH RD","GAINESVILLE","32608","OAKMONT PH 1 UNIT 1B","3,455","04427-111-134","$792,500","5","4","0","2015","None","Single Family Residence","Fee Simple","$12,418.68","222","222","222","Cash","06/26/2024","$231.26","$229.38","0.99","BOSSHARDT REALTY SERVICES LLC","Kevin Banes","259505057","261010896","Gainesville-Alachua","Gainesville-Alachua"
"1","GC515706","SLD","13229 SW 9 RD","NEWBERRY","32669","TOWN OF TIOGA","2,274","04333-120-457","$797,970","4","4","0","2024","Community","Single Family Residence","Fee Simple","$0.00","79","79","80","Cash","04/04/2024","$338.12","$350.91","1.04","TIOGA REALTY INC","Amber Beckham","259506042","259504874","Gainesville-Alachua","Gainesville-Alachua"
"1","GC521378","SLD","1402 SW 88TH DR","GAINESVILLE","32607","COBBLEFIELD","3,115","06672-300-136","$799,000","5","3","1","2004","Private, Community","Single Family Residence","Fee Simple","$1,285.00","5","5","17","Cash","06/12/2024","$256.50","$256.5","1.00","KELLER WILLIAMS GAINESVILLE REALTY PARTNERS","Anne Banks","259506867","259500004","Gainesville-Alachua","Gainesville-Alachua"
"1","GC524751","SLD","3610 NW 18TH PL","GAINESVILLE","32605","WILLOWCROFT","3,364","06415-010-015","$800,000","4","3","0","2006","None","Single Family Residence","Fee Simple","$8,334.00","5","5","5","Cash","11/13/2024","$235.43","$237.81","1.01","COLDWELL BANKER M.M. PARRISH REALTORS","Lauretta Fogg","259500478","259500004","Gainesville-Alachua","Gainesville-Alachua"
"1","GC522547","SLD","1649 SW 188TH ST","NEWBERRY","32669","DYLANS GROVE PH 1","3,130","04389-010-001","$800,000","4","4","0","2006","Private","Single Family Residence","Fee Simple","$11,139.00","98","98","98","Conventional","10/21/2024","$260.38","$255.59","0.98","BOSSHARDT REALTY SERVICES LLC","Abby Basci","259506215","259505695","Gainesville-Alachua","Gainesville-Alachua"
"1","O6178544","SLD","11081 SW 38TH BLVD","GAINESVILLE","32608","OAKMONT PH 3 PB 35 PG 60","3,114","04427-111-462","$800,000","4","3","1","2020","None","Single Family Residence","Fee Simple","$13,477.42","39","39","39","Conventional","04/12/2024","$268.14","$256.9","0.96","MILLENIUM REALTY GROUP","Joe Stout","261072513","259505695","Orlando Regional","Orlando Regional"
"1","GC519008","SLD","10052 NW 208TH TER","ALACHUA","32615","HOPEWELL ESTATES","2,606","01731-010-015","$800,000","4","3","0","2020","None","Single Family Residence","Fee Simple","$4,456.00","2","2","2","Cash","03/14/2024","$306.98","$306.98","1.00","RE/MAX PROFESSIONALS","Jenny Highlander","259505388","259500046","Gainesville-Alachua","Gainesville-Alachua"
"1","GC518698","SLD","10373 SW 26TH PL","GAINESVILLE","32608","ESTATES OF WILDS PLANTATION","3,225","06852-100-094","$800,000","4","3","1","2017","None","Single Family Residence","Fee Simple","$10,173.00","150","150","150","Conventional","07/24/2024","$255.81","$248.06","0.97","COLDWELL BANKER M.M. PARRISH, REALTORS","Daurine Wehbe","259505727","259500054","Gainesville-Alachua","Gainesville-Alachua"
"1","GC523819","SLD","2006 NW 104TH WAY","GAINESVILLE","32606","CARRIAGE WAY","3,437","06303-050-005","$805,000","5","3","0","1967","Private","Single Family Residence","Fee Simple","$10,323.36","82","82","93","Cash","12/12/2024","$240.01","$234.22","0.98","COLDWELL BANKER M.M. PARRISH REALTORS","Rana Schafer","259503515","259500004","Gainesville-Alachua","Gainesville-Alachua"
"1","GC523189","SLD","3748 SW 108TH DR","GAINESVILLE","32608","OAKMONT","2,537","04427-111-811","$808,703","4","3","0","2024","Community","Single Family Residence","Co-op","$0.00","0","0","0","Conventional","11/13/2024","$312.19","$318.76","1.02","ICI SELECT REALTY","Ali Kargar","253004979","259500046","Gainesville-Alachua","Pinellas Suncoast"
"1","GC521050","SLD","13181 SW 8TH LN","NEWBERRY","32669","TOWN OF TIOGA","2,685","04333-118-418","$810,000","4","4","0","2020","Community","Single Family Residence","Fee Simple","$8,484.67","17","17","19","Cash","07/22/2024","$307.26","$301.68","0.98","RE/MAX PROFESSIONALS","Lynn Hughes","259505750","259500046","Gainesville-Alachua","Gainesville-Alachua"
"1","GC518544","SLD","10505 SW 41ST PL","GAINESVILLE","32608","HAILE PLANTATION","4,801","06860-220-016","$810,000","4","2","1","1995","Private","Single Family Residence","Fee Simple","$11,147.32","10","10","10","Cash","02/29/2024","$166.61","$168.71","1.01","WATSON REALTY CORP","Jonathan Colon","259500568","259500046","Gainesville-Alachua","Gainesville-Alachua"
"1","GC517219","SLD","2905 SW 298TH ST","NEWBERRY","32669","NONE","2,740","02519-007-000","$810,000","4","3","1","2023","None","Single Family Residence","Fee Simple","$394.58","68","68","85","Conventional","03/26/2024","$310.11","$295.62","0.95","KELLER WILLIAMS GAINESVILLE REALTY PARTNERS","Wendy Swan","259506765","259505695","Gainesville-Alachua","Gainesville-Alachua"
"1","GC511925","SLD","646 SW 142ND WAY","NEWBERRY","32669","WIMBERLEY SUB PB 37 PG 62","2,587","04343-010-037","$810,527","4","3","0","2024","None","Single Family Residence","Fee Simple","$1,862.00","0","0","5","Conventional","05/08/2024","$313.31","$313.31","1.00","BHGRE THOMAS GROUP","Tiffany Thomas","259503896","259506003","Gainesville-Alachua","Gainesville-Alachua"
"1","GC520719","SLD","3559 SW 86TH ST","GAINESVILLE","32608","HAILE PLANTATION UNIT 34 PH 6","3,287","06860-346-012","$814,000","4","2","1","2005","Private","Single Family Residence","Fee Simple","$11,610.54","210","210","210","Conventional","12/10/2024","$258.56","$247.64","0.96","COLDWELL BANKER M.M. PARRISH R","Jeff Quigley","259500615","259500004","Gainesville-Alachua","Gainesville-Alachua"
"1","GC517743","SLD","10320 SW 17TH PL","GAINESVILLE","32607","CAMBRIDGE FOREST PH V","3,910","06666-030-049","$814,000","5","3","2","2002","None","Single Family Residence","Fee Simple","$9,077.10","42","42","74","Conventional","02/29/2024","$211.00","$208.18","0.99","WATSON REALTY CORP- TIOGA","Eric Ascher","259505945","259504044","Gainesville-Alachua","Gainesville-Alachua"
"1","GC525944","SLD","573 SW 132ND TER","NEWBERRY","32669","TOWN OF TIOGA","3,238","04333-100-259","$815,000","4","3","1","2007","Community","Single Family Residence","Fee Simple","$13,777.00","5","5","5","Conventional","12/20/2024","$254.48","$251.7","0.99","COLDWELL BANKER M.M. PARRISH REALTORS","Lauretta Fogg","259500478","259508186","Gainesville-Alachua","Gainesville-Alachua"
"1","GC524027","SLD","9522 SW 34TH LN","GAINESVILLE","32608","HAILE PLANTATION UNIT 35 PH 1","3,183","06860-351-013","$815,000","4","3","0","2000","Private","Single Family Residence","Fee Simple","$12,516.00","106","106","106","Conventional","12/05/2024","$259.19","$256.05","0.99","COLDWELL BANKER M.M. PARRISH REALTORS","Rana Schafer","259503515","259505669","Gainesville-Alachua","Gainesville-Alachua"
"1","GC514992","SLD","4866 SW 95TH TER","GAINESVILLE","32608","HAILE PLANTATION SPALDING PLACE","3,982","06860-162-029","$815,000","5","3","1","1998","Community","Single Family Residence","Fee Simple","$9,363.48","164","164","164","Conventional","04/25/2024","$217.23","$204.67","0.94","COLDWELL BANKER M.M. PARRISH R","Cindy Birk","259503772","259505695","Gainesville-Alachua","Gainesville-Alachua"
"1","GC519986","SLD","3215 SW 115TH TER","GAINESVILLE","32608","OAKMONT PH 1 UNIT 1A","2,761","04427-111-039","$822,000","3","3","0","2015","None","Single Family Residence","Fee Simple","$13,613.17","12","12","12","Conventional","05/21/2024","$301.30","$297.72","0.99","COLDWELL BANKER M.M. PARRISH R","Cindy Birk","259503772","259504964","Gainesville-Alachua","Gainesville-Alachua"
"1","GC520993","SLD","16776 NW 2ND RD","NEWBERRY","32669","PARKWEST ESTATES","4,845","04287-010-007","$824,000","5","5","0","2008","Private","Single Family Residence","Fee Simple","$11,398.97","89","89","95","Conventional","08/15/2024","$170.07","$170.07","1.00","KELLER WILLIAMS GAINESVILLE REALTY PARTNERS","Cody Loomis","259507757","780027","Gainesville-Alachua","Gainesville-Alachua"
"1","GC525866","SLD","1406 SW 105TH TER","GAINESVILLE","32607","GRANITE PARKE","2,846","06665-010-010","$825,000","4","3","1","2002","Private","Single Family Residence","Fee Simple","$6,832.00","34","34","34","VA","12/31/2024","$298.63","$289.88","0.97","COLDWELL BANKER M.M. PARRISH REALTORS","Lynne Saunders","259505115","259504874","Gainesville-Alachua","Gainesville-Alachua"
"1","GC520442","SLD","9711 SW 33RD LN","GAINESVILLE","32608","HAILE PLANTATION UNIT 35 PH 1","3,130","06860-351-020","$825,000","5","4","0","2002","Private","Single Family Residence","Fee Simple","$12,601.57","11","11","12","Cash","06/06/2024","$271.57","$263.58","0.97","BHHS FLORIDA REALTY","Josef Parr","259505296","259507237","Gainesville-Alachua","Gainesville-Alachua"
"1","GC518874","SLD","10817 SW 34TH RD","GAINESVILLE","32608","OAKMONT","3,102","04427-111-442","$829,284","4","3","1","2024","Community","Single Family Residence","Co-op","$0.00","0","0","0","Conventional","05/24/2024","$267.34","$267.34","1.00","ICI SELECT REALTY","Ali Kargar","253004979","55055","Gainesville-Alachua","Tampa"
"1","GC523455","SLD","3843 SW 92ND DR","GAINESVILLE","32608","HAILE PLANTATION UNIT 34 PH I","3,980","06860-341-013","$830,000","3","3","1","2001","Private","Single Family Residence","Fee Simple","$14,127.86","258","57","57","Conventional","09/30/2024","$225.88","$208.54","0.92","BHHS FLORIDA REALTY","Joe Freck","259500369","259500037","Gainesville-Alachua","Gainesville-Alachua"
"1","GC523056","SLD","9344 SW 32ND PL","GAINESVILLE","32608","HAILE PLANTATION","3,297","06860-342-012","$830,000","5","3","1","2000","Private","Single Family Residence","Fee Simple","$9,116.00","14","14","20","Conventional","07/31/2024","$256.29","$251.74","0.98","COLDWELL BANKER M.M. PARRISH REALTORS","Lauretta Fogg","259500478","259500037","Gainesville-Alachua","Gainesville-Alachua"
"1","GC518961","SLD","3315 SW 93RD WAY","GAINESVILLE","32608","HAILE PLANTATION UNIT 34 PH II","3,362","06860-342-028","$830,000","5","4","0","1999","Private","Single Family Residence","Fee Simple","$10,326.67","6","6","6","Conventional","06/04/2024","$252.83","$246.88","0.98","MATCHMAKER REALTY OF ALACHUA COUNTY","Gia Arvin","259503472","259500037","Gainesville-Alachua","Gainesville-Alachua"
"1","GC517590","SLD","3815 SW 120TH DR","GAINESVILLE","32608","OAKMONT","2,638","04427-111-660","$836,825","4","3","0","2023","Community","Single Family Residence","Co-op","$0.00","0","0","0","Conventional","04/19/2024","$317.22","$317.22","1.00","ICI SELECT REALTY","Ali Kargar","253004979","259500046","Gainesville-Alachua","Tampa"
"1","GC515881","SLD","10794 SW 36TH PL","GAINESVILLE","32608","OAKMONT","3,012","04427-111-438","$839,000","5","4","0","2023","Community","Single Family Residence","Co-op","$0.00","280","280","280","Conventional","06/24/2024","$293.21","$278.55","0.95","ICI SELECT REALTY","Ali Kargar","253004979","259504926","Gainesville-Alachua","Tampa"
"1","GC523114","SLD","7118 NW 41 LN","GAINESVILLE","32606","SANCTUARY","3,392","06049-010-030","$840,000","6","4","1","1998","Private","Single Family Residence","Fee Simple","$9,775.00","9","9","12","Cash","08/01/2024","$250.56","$247.64","0.99","COLDWELL BANKER M.M. PARRISH REALTORS","Rana Schafer","259503515","259505361","Gainesville-Alachua","Gainesville-Alachua"
"1","OM679079","SLD","10910 NW 9TH PL","GAINESVILLE","32606","PINE HILL ESTATE ADD 1","4,488","04321-028-029","$850,000","5","3","1","1967","Private","Single Family Residence","Fee Simple","$6,149.22","151","151","152","Conventional","12/06/2024","$200.51","$189.39","0.94","THE AMERICAN DREAM","Lacey Wheeler","259507298","261010944","Ocala - Marion","Ocala - Marion"
"1","GC521927","SLD","2516 NW 140TH TER","GAINESVILLE","32606","TURNBERRY LAKE PH 2","3,480","04222-200-077","$850,000","5","4","1","2008","Community","Single Family Residence","Fee Simple","$9,628.63","2","2","3","Cash","07/12/2024","$248.56","$244.25","0.98","PEPINE REALTY","Mark Gajda","259505420","259504837","Gainesville-Alachua","Gainesville-Alachua"
"1","GC520756","SLD","3145 NW 135TH WAY","GAINESVILLE","32606","PARKS EDGE","3,077","04215-010-002","$850,000","5","4","0","2023","None","Single Family Residence","Fee Simple","$2,035.00","41","41","41","Conventional","06/28/2024","$324.34","$276.24","0.85","BHGRE THOMAS GROUP","Tiffany Thomas","259503896","259504926","Gainesville-Alachua","Gainesville-Alachua"
"1","GC520143","SLD","3356 SW 114TH WAY","GAINESVILLE","32608","OAKMONT PH 1 UNIT 1B","3,611","04427-111-120","$850,000","4","3","1","2016","None","Single Family Residence","Fee Simple","$13,346.11","13","13","14","Conventional","06/03/2024","$240.93","$235.39","0.98","BHGRE THOMAS GROUP","Rachel Kerensky","259506412","264000445","Gainesville-Alachua","Gainesville-Alachua"
"1","GC517765","SLD","11331 SW 34TH RD","GAINESVILLE","32608","OAKMONT","3,005","04427-111-187","$850,000","4","3","0","2022","None","Single Family Residence","Fee Simple","$13,078.00","69","69","73","Private","03/08/2024","$294.51","$282.86","0.96","BHHS FLORIDA REALTY","Cheryl Hartley","259503267","259504926","Gainesville-Alachua","Gainesville-Alachua"
"1","GC515282","SLD","6216 NW 81ST DR","GAINESVILLE","32653","SAN FELASCO ESTATES","3,034","06035-100-036","$850,000","4","3","0","2006","Private","Single Family Residence","Fee Simple","$7,895.00","51","51","51","Conventional","02/14/2024","$294.99","$280.16","0.95","MAIN & FIELD REAL ESTATE, LLC","Jane Clemons","259500411","276616179","Gainesville-Alachua","Gainesville-Alachua"
"1","GC525236","SLD","13569 NW 9TH RD","NEWBERRY","32669","ARBOR GREENS PH 1","3,195","04338-010-025","$851,000","4","4","0","2017","Private, Community","Single Family Residence","Fee Simple","$10,074.00","4","4","4","Cash","11/22/2024","$266.01","$266.35","1.00","COLDWELL BANKER M.M. PARRISH REALTORS","Rana Schafer","259503515","259500037","Gainesville-Alachua","Gainesville-Alachua"
"1","GC518200","SLD","10843 SW 34TH RD","GAINESVILLE","32608","OAKMONT","3,226","04427-111-443","$857,495","4","3","1","2023","Community","Single Family Residence","Co-op","$0.00","153","153","153","Conventional","06/27/2024","$282.79","$265.81","0.94","ICI SELECT REALTY","Ali Kargar","253004979","253001996","Gainesville-Alachua","Tampa"
"1","GC520355","SLD","1445 SW 88TH ST","GAINESVILLE","32607","COBBLEFIELD/PEMBRIDGE","3,664","06672-300-143","$860,000","4","3","1","2006","Private, Community","Single Family Residence","Fee Simple","$14,338.41","3","3","3","Conventional","05/13/2024","$231.96","$234.72","1.01","CAMPUS TO COAST REALTY, INC","Megan Ryals","259505357","259504874","Gainesville-Alachua","Gainesville-Alachua"
"1","GC516822","SLD","3959 NW 32ND PL","GAINESVILLE","32606","VALLEY WOODS","4,535","06100-001-000","$860,000","4","2","1","1980","Private","Single Family Residence","Fee Simple","$9,308.66","626","157","158","Cash","04/24/2024","$198.02","$189.64","0.96","RE/MAX PROFESSIONALS","Robert Ryczek","278000920","259506015","Gainesville-Alachua","Gainesville-Alachua"
"1","GC521473","SLD","11108 SW 3RD AVE","GAINESVILLE","32608","NOT IN SUBDIVISION","2,600","04330-019-001","$865,000","4","3","0","2024","None","Single Family Residence","Fee Simple","$804.81","23","23","24","Cash","08/27/2024","$332.69","$332.69","1.00","ENGEL & VOLKERS GAINESVILLE","Richelle Pace","259500797","259500046","Gainesville-Alachua","Gainesville-Alachua"
"1","GC517476","SLD","6608 NW 56TH LN","GAINESVILLE","32653","MILLHAMMOCK REPLAT #1","4,159","06026-004-013","$865,000","4","3","2","1986","Private","Single Family Residence","Fee Simple","$7,560.57","160","160","160","Conventional","05/31/2024","$216.37","$207.98","0.96","CAMPUS TO COAST REALTY, INC","Megan Ryals","259505357","259506544","Gainesville-Alachua","Gainesville-Alachua"
"1","GC519912","SLD","3065 SW 91ST TER","GAINESVILLE","32608","HAILE PLANTATION UNIT 36 PH 2 REP","3,450","06860-362-021","$873,000","4","4","1","2007","Private","Single Family Residence","Fee Simple","$12,956.50","73","73","98","Conventional","07/23/2024","$253.62","$253.04","1.00","RABELL REALTY GROUP LLC","Kristen Rabell","259504030","261010896","Gainesville-Alachua","Gainesville-Alachua"
"1","GC519051","SLD","4845 SW 91ST WAY","GAINESVILLE","32608","HAILE PLANTATION UNIT 30 PH 1","3,545","06860-301-013","$875,000","4","4","0","2004","None","Single Family Residence","Fee Simple","$7,050.81","57","57","57","Cash","04/18/2024","$251.06","$246.83","0.98","MATCHMAKER REALTY OF ALACHUA COUNTY","Craig Dupler","259505077","259504926","Gainesville-Alachua","Gainesville-Alachua"
"1","GC511922","SLD","702 SW 142ND WAY","NEWBERRY","32669","WIMBERLEY SUB PB 37 PG 62","3,330","04343-010-039","$877,239","3","3","1","2024","None","Single Family Residence","Fee Simple","$1,862.00","0","0","6","Conventional","08/05/2024","$263.44","$263.44","1.00","BHGRE THOMAS GROUP","Tiffany Thomas","259503896","259500060","Gainesville-Alachua","Gainesville-Alachua"
"1","GC524347","SLD","2616 SW 4TH PL","GAINESVILLE","32607","GOLFVIEW","2,412","06460-046-000","$880,000","5","4","0","1935","None","Single Family Residence","Fee Simple","$2,496.49","85","85","86","Conventional","12/13/2024","$393.86","$364.84","0.93","ARISTA REALTY","Mike Hastings","259503533","259506003","Gainesville-Alachua","Gainesville-Alachua"
"1","GC520773","SLD","10722 SW 27TH AVE","GAINESVILLE","32608","BILTMORE PH 1","3,683","04427-010-007","$880,000","5","3","2","2007","None","Single Family Residence","Fee Simple","$18,148.85","12","12","12","Cash","05/28/2024","$298.67","$238.94","0.80","BOSSHARDT REALTY SERVICES LLC","Amy Yang","259506118","259500004","Gainesville-Alachua","Gainesville-Alachua"
"1","GC519848","SLD","4730 SW 103RD WAY","GAINESVILLE","32608","HAILE PLANTATION UNIT 18 PH 1","3,855","06860-181-004","$880,000","5","4","0","1997","Private","Single Family Residence","Fee Simple","$9,476.33","66","66","70","Conventional","06/14/2024","$233.46","$228.27","0.98","KELLER WILLIAMS GAINESVILLE REALTY PARTNERS","Jeff Johnson","259505979","270523109","Gainesville-Alachua","Gainesville-Alachua"
"1","O6172895","SLD","1912 SW 106TH TER","GAINESVILLE","32607","CAMBRIDGE FOREST PH V","3,306","06666-050-100","$880,000","4","3","0","2002","Private","Single Family Residence","Fee Simple","$9,193.00","26","26","107","Conventional","03/29/2024","$269.06","$266.18","0.99","COLDWELL BANKER REALTY","Franz Plescha","261237143","51957E","Orlando Regional","Orlando Regional"
"1","GC517621","SLD","12122 SW 9TH LN","GAINESVILLE","32607","GLORIA'S WAY","2,955","04423-007-032","$885,000","4","3","1","2019","Private","Single Family Residence","Fee Simple","$9,697.98","125","125","127","Conventional","05/04/2024","$304.40","$299.49","0.98","BHGRE THOMAS GROUP","Elizabeth Pooley","259500960","259500037","Gainesville-Alachua","Gainesville-Alachua"
"1","GC522775","SLD","3729 SW 120TH DR","GAINESVILLE","32608","OAKMONT","3,315","04427-111-656","$888,450","4","3","1","2024","Community","Single Family Residence","Co-op","$0.00","0","0","0","Conventional","12/10/2024","$267.83","$268.01","1.00","ICI SELECT REALTY","Ali Kargar","253004979","253001996","Gainesville-Alachua","Pinellas Suncoast"
"1","GC519591","SLD","2202 SW 112 ST","GAINESVILLE","32607","HAYES GLEN UNIT 2","3,081","04422-020-016","$889,000","4","3","0","1994","Private","Single Family Residence","Fee Simple","$11,995.00","0","0","2","Conventional","04/01/2024","$288.54","$288.54","1.00","VANBEEK REALTY, LLC","Julie VanBeek","259503542","259505669","Gainesville-Alachua","Gainesville-Alachua"
"1","OM681146","SLD","8585 SW 12TH LN","GAINESVILLE","32607","COBBLEFIELD","3,566","06672-300-118","$890,000","5","4","1","2004","Private","Single Family Residence","Fee Simple","$12,974.92","4","4","4","Conventional","08/09/2024","$252.38","$249.58","0.99","EXP REALTY LLC","Garrett Huffman","488004518","25950341","Ocala - Marion","Sarasota - Manatee"
"1","GC527100","SLD","13230 SW 11TH RD","NEWBERRY","32669","TOWN OF TIOGA PH 20 PB 37 PG 75","2,776","04333-120-465","$890,219","3","2","0","2024","Private","Single Family Residence","Fee Simple","$3,140.52","0","0","1","Conventional","12/31/2024","$320.68","$320.68","1.00","TIOGA REALTY LLC","Tom Reilly","259503138","259500056","Gainesville-Alachua","Gainesville-Alachua"
"1","O6220872","SLD","10258 SW 37TH PL","GAINESVILLE","32608","WILDS PLANTATION UNIT 3","3,000","06852-030-061","$892,500","4","3","0","2015","None","Single Family Residence","Fee Simple","$9,202.00","55","55","57","Conventional","10/08/2024","$311.67","$297.5","0.95","EXP REALTY LLC","Janet Yee","261223673","259500037","Orlando Regional","Sarasota - Manatee"
"1","A4607217","SLD","4140 NW 44TH AVE","GAINESVILLE","32606","N/A","4,313","06069-001-000","$900,000","3","4","0","1973","Private","Single Family Residence","Fee Simple","$10,086.28","1","1","1","Cash","06/05/2024","$208.67","$208.67","1.00","JOHN R WOOD PROPERTIES","Cheri Brown","258030047","261016970","Sarasota - Manatee","Sarasota - Manatee"
"1","GC519902","SLD","5918 SW 13TH ST","GAINESVILLE","32608","ROCKY POINT HOMESITES","3,353","07125-000-000","$900,000","4","4","0","1935","Private","Single Family Residence","Fee Simple","$9,408.35","79","79","82","Conventional","10/31/2024","$372.80","$268.42","0.72","PEPINE REALTY","Mark Gajda","259505420","259500004","Gainesville-Alachua","Gainesville-Alachua"
"1","GC518616","SLD","2155 NW 2ND AVE","GAINESVILLE","32603","N/A","2,880","14822-002-000","$900,000","4","4","2","1965","None","Single Family Residence","Fee Simple","$8,535.17","0","0","1","Cash","01/26/2024","$303.82","$312.5","1.03","BOSSHARDT REALTY SERVICES LLC","Heather Doughton","259502062","259500004","Gainesville-Alachua","Gainesville-Alachua"
"1","GC520698","SLD","9292 SW 31ST PL","GAINESVILLE","32608","HAILE PLANTATION UNIT 36 PH 2 REP","2,715","06860-362-043","$903,400","4","4","0","2009","Private","Single Family Residence","Fee Simple","$7,983.83","4","4","4","Conventional","05/03/2024","$331.45","$332.74","1.00","BHGRE THOMAS GROUP","Emily Behr","259508080","264000987","Gainesville-Alachua","Gainesville-Alachua"
"1","GC521561","SLD","1323 SW 120TH DR","GAINESVILLE","32607","GLORIAS WAY","2,895","04423-007-010","$912,500","4","3","1","2018","Private","Single Family Residence","Fee Simple","$11,420.00","21","21","21","Conventional","07/31/2024","$333.33","$315.2","0.95","BOSSHARDT REALTY SERVICES LLC","Amy Gnann","259505278","259500004","Gainesville-Alachua","Gainesville-Alachua"
"1","GC519656","SLD","316 SW 170TH ST","NEWBERRY","32669","N/A","3,317","04376-003-001","$914,000","5","3","0","2008","None","Single Family Residence","Fee Simple","$8,479.00","3","3","3","Conventional","04/12/2024","$286.40","$275.55","0.96","MATCHMAKER REALTY OF ALACHUA COUNTY","Adam Gurske, PA","259505021","259500035","Gainesville-Alachua","Gainesville-Alachua"
"1","GC519817","SLD","350 SW 132ND TER","NEWBERRY","32669","TOWN OF TIOGA PH 6","3,547","04333-060-156","$918,000","4","4","0","2007","Community","Single Family Residence","Fee Simple","$12,819.92","43","43","44","Conventional","06/03/2024","$263.60","$258.81","0.98","TIOGA REALTY INC","Kayla Lochte","259507370","259506003","Gainesville-Alachua","Gainesville-Alachua"
"1","GC523878","SLD","505 NE 5TH ST","GAINESVILLE","32601","HIGHLAND TERRACE","3,994","12260-000-000","$925,000","5","4","0","1904","Private","Single Family Residence","Fee Simple","$6,933.26","133","133","137","Conventional","12/27/2024","$245.37","$231.6","0.94","BOSSHARDT REALTY SERVICES LLC","Ken Cornell","259503253","259506015","Gainesville-Alachua","Gainesville-Alachua"
"1","GC518012","SLD","10348 SW 27TH PL","GAINESVILLE","32608","ESTATES OF WILDS PLANTATION","3,498","06852-100-087","$925,000","4","4","0","2017","Private","Single Family Residence","Fee Simple","$14,396.00","177","177","177","Conventional","09/06/2024","$281.59","$264.44","0.94","COLDWELL BANKER M.M. PARRISH, REALTORS","Daurine Wehbe","259505727","259506269","Gainesville-Alachua","Gainesville-Alachua"
"1","GC519609","SLD","3064 SW 92ND ST","GAINESVILLE","32608","HP/PRESTON WOOD","3,404","06860-362-036","$929,000","5","4","0","2004","Private","Single Family Residence","Fee Simple","$9,573.00","3","3","3","Conventional","05/06/2024","$272.91","$272.91","1.00","BOSSHARDT REALTY SERVICES LLC","Ken Cornell","259503253","259500037","Gainesville-Alachua","Gainesville-Alachua"
"1","GC524833","SLD","9228 SW 31ST PL","GAINESVILLE","32608","HAILE PLANTATION UNIT 36 PH 2 REP","2,839","06860-362-037","$930,000","4","3","1","2005","Private","Single Family Residence","Fee Simple","$9,620.08","61","61","73","Conventional","12/26/2024","$334.59","$327.58","0.98","WATSON REALTY CORP","Jonathan Colon","259500568","259505695","Gainesville-Alachua","Gainesville-Alachua"
"1","GC521084","SLD","2220 NW 50TH WAY","GAINESVILLE","32605","WILTSHIRE CLUSTER","3,198","06373-010-012","$940,000","4","3","1","2020","Private","Single Family Residence","Fee Simple","$9,169.00","14","14","53","Conventional","07/19/2024","$311.13","$293.93","0.94","KELLER WILLIAMS GAINESVILLE REALTY PARTNERS","Lisa Fetrow","259505107","259506003","Gainesville-Alachua","Gainesville-Alachua"
"1","GC518954","SLD","14101 MILLHOPPER RD","GAINESVILLE","32653","MILLHOPPER ROAD ESTATES","2,828","04119-016-001","$940,000","4","4","0","1976","Private","Single Family Residence","Fee Simple","$6,529.00","226","189","189","Cash","08/28/2024","$351.84","$332.39","0.94","BHGRE THOMAS GROUP","Laura Gunter","259506191","259504874","Gainesville-Alachua","Gainesville-Alachua"
"1","GC516134","SLD","21878 NW 154TH PL","HIGH SPRINGS","32643","OAK LANE PLANTATION","3,411","01524-007-000,01524-008-000","$940,000","4","3","0","2017","None","Single Family Residence","Fee Simple","$5,586.00","120","120","120","Cash","02/23/2024","$292.88","$275.58","0.94","BHHS FLORIDA REALTY","Cheryl Hartley","259503267","259506003","Gainesville-Alachua","Gainesville-Alachua"
"1","GC519197","SLD","6918 NW 48TH LN","GAINESVILLE","32653","THORNEHILL","3,797","06050-010-016","$943,000","5","3","1","1998","Private","Single Family Residence","Fee Simple","$13,251.77","1","1","1","Cash","03/20/2024","$249.93","$248.35","0.99","COLDWELL BANKER M.M. PARRISH R","Cindy Birk","259503772","259500037","Gainesville-Alachua","Gainesville-Alachua"
"1","GC518540","SLD","2222 W UNIVERSITY AVE","GAINESVILLE","32603","WESTBROOK","4,614","15107-000-000","$945,700","4","3","1","1970","None","Single Family Residence","Fee Simple","$19,403.41","197","197","197","Conventional","08/23/2024","$211.31","$204.96","0.97","COLDWELL BANKER M.M. PARRISH, REALTORS","Kris Kelly","259505056","259506814","Gainesville-Alachua","Gainesville-Alachua"
"1","GC516949","SLD","12269 SW 6TH PL","NEWBERRY","32669","AMARIAH PARK","3,147","04340-010-005","$950,000","4","4","1","2023","Community","Single Family Residence","Fee Simple","$1,961.00","96","96","96","Conventional","02/13/2024","$333.65","$301.87","0.90","KELLER WILLIAMS GAINESVILLE REALTY PARTNERS","Andrew Poe","259505311","259500004","Gainesville-Alachua","Gainesville-Alachua"
"1","GC513583","SLD","10424 SW 41ST PL","GAINESVILLE","32608","HAILE PLANTATION","4,803","06860-220-007","$950,000","5","5","0","1995","Private","Single Family Residence","Fee Simple","$10,677.48","194","194","218","Conventional","03/15/2024","$208.20","$197.79","0.95","COLDWELL BANKER M.M. PARRISH R","Toba Smith","259500298","259507237","Gainesville-Alachua","Gainesville-Alachua"
"1","GC521577","SLD","8616 SW 40TH AVE","GAINESVILLE","32608","HP/STRATFORD RIDGE","3,794","06860-344-038","$955,000","4","3","1","2003","Private","Single Family Residence","Fee Simple","$12,129.00","173","173","192","Cash","11/19/2024","$257.17","$251.71","0.98","KELLER WILLIAMS GAINESVILLE REALTY PARTNERS","Craig Wilburn","259503108","264000445","Gainesville-Alachua","Gainesville-Alachua"
"1","GC520855","SLD","3579 SW 111TH DR","GAINESVILLE","32608","OAKMONT PH 3","3,916","04427-111-493","$955,000","6","3","1","2022","Private, Community","Single Family Residence","Fee Simple","$19,237.00","181","181","182","Cash","11/08/2024","$255.34","$243.87","0.96","KELLER WILLIAMS GAINESVILLE REALTY PARTNERS","Andrew Poe","259505311","259500035","Gainesville-Alachua","Gainesville-Alachua"
"1","GC518240","SLD","13248 SW 11TH RD","NEWBERRY","32669","TOWN OF TIOGA","2,799","04333-120-464","$967,000","4","3","1","2024","Private, Community","Single Family Residence","Fee Simple","$2,140.00","101","101","101","Cash","05/16/2024","$349.59","$345.48","0.99","TIOGA REALTY INC","Amber Beckham","259506042","259500046","Gainesville-Alachua","Gainesville-Alachua"
"1","GC518417","SLD","15974 SW 111TH AVE","ARCHER","32618","N/A","3,130","04654-002-000","$970,000","4","3","0","2008","None","Single Family Residence","Fee Simple","$7,549.00","123","123","132","Conventional","06/03/2024","$319.17","$309.9","0.97","PEPINE REALTY","Betsy Pepine","259503892","259500004","Gainesville-Alachua","Gainesville-Alachua"
"1","GC516921","SLD","17564 NW 138TH AVE","ALACHUA","32615","N/A","3,122","03896-003-001","$970,000","4","2","1","2004","None","Single Family Residence","Fee Simple","$5,841.93","171","171","171","Cash","06/14/2024","$368.35","$310.7","0.84","UNITED COUNTRY SMITH & ASSOCIATES - NEWBERRY","Kristi Crane","259505576","259505361","Gainesville-Alachua","Gainesville-Alachua"
"1","GC522134","SLD","5023 NW 57TH ST","GAINESVILLE","32653","MILLHOPPER FOREST","4,251","06054-010-022","$975,000","5","4","0","2001","Private","Single Family Residence","Fee Simple","$13,354.00","6","6","6","Conventional","07/08/2024","$235.22","$229.36","0.98","COLDWELL BANKER M.M. PARRISH R","Rana Schafer","259503515","259500004","Gainesville-Alachua","Gainesville-Alachua"
"1","GC518470","SLD","3544 SW 111TH DR","GAINESVILLE","32608","OAKMONT PH 3 PB 35 PG 60","3,873","04427-111-494","$975,000","5","3","1","2021","None","Single Family Residence","Fee Simple","$14,896.03","24","24","25","Conventional","03/28/2024","$255.36","$251.74","0.99","BHGRE THOMAS GROUP","Rachel Kerensky","259506412","259504926","Gainesville-Alachua","Gainesville-Alachua"
"1","GC521117","SLD","12317 NW 129TH TER","ALACHUA","32615","SHAW FARMS OF ALACHUA","2,591","03968-100-024","$979,000","4","3","0","1995","Private","Single Family Residence","Fee Simple","$7,029.85","19","19","19","Cash","05/30/2024","$381.71","$377.85","0.99","MOELLER REALTY INC","Tom Leinbaugh","259500209","259504874","Gainesville-Alachua","Gainesville-Alachua"
"1","W7861758","SLD","13118 SW 8TH LN","NEWBERRY","32669","TOWN OF TIOGA","3,202","04333-118-413","$980,000","4","3","1","2021","Community","Single Family Residence","Fee Simple","$12,626.00","63","63","63","Cash","05/13/2024","$309.59","$306.06","0.99","LISTWITHFREEDOM.COM","Ralph Harvey","276593262","264000987","West Pasco","West Pasco"
"1","GC518881","SLD","2519 SW 81ST ST","GAINESVILLE","32608","N/A","4,155","06850-016-000","$980,000","6","4","1","1973","Private","Single Family Residence","Fee Simple","$6,447.49","5","5","5","Cash","02/20/2024","$261.13","$235.86","0.90","BHGRE THOMAS GROUP","Nancy Thornqvist","259506601","55055","Gainesville-Alachua","Gainesville-Alachua"
"1","GC512462","SLD","13247 SW 11TH RD","NEWBERRY","32669","TOWN OF TIOGA","3,215","04333-120-469","$987,000","4","3","1","2023","Community","Single Family Residence","Fee Simple","$0.00","378","378","379","Cash","05/28/2024","$310.52","$307","0.99","TIOGA REALTY INC","Amber Beckham","259506042","259500037","Gainesville-Alachua","Gainesville-Alachua"
"1","GC521545","SLD","3950 NW 30 PL","GAINESVILLE","32606","PELHAM PLACE","3,556","06107-100-002","$995,000","4","3","0","2002","Private","Single Family Residence","Fee Simple","$10,572.00","2","2","2","Cash","05/30/2024","$279.81","$279.81","1.00","BOSSHARDT REALTY SERVICES LLC","Todd Loeffler","259500605","259500004","Gainesville-Alachua","Gainesville-Alachua"
"1","GC518539","SLD","11210 SW 10TH LN","GAINESVILLE","32607","HAYES GLEN","3,986","04422-003-020","$995,000","5","4","0","1999","None","Single Family Residence","Fee Simple","$8,860.00","120","120","120","Cash","06/26/2024","$274.71","$249.62","0.91","VANBEEK REALTY, LLC","Julie VanBeek","259503542","259506003","Gainesville-Alachua","Gainesville-Alachua"
"1","GC520174","SLD","10514 SW 17TH PL","GAINESVILLE","32607","CAMBRIDGE FOREST","4,009","06666-050-104","$999,000","4","3","1","2002","Private","Single Family Residence","Fee Simple","$10,632.00","94","94","94","Conventional","07/17/2024","$268.15","$249.19","0.93","COLDWELL BANKER M.M. PARRISH R","Rana Schafer","259503515","259500004","Gainesville-Alachua","Gainesville-Alachua"
"1","GC520500","SLD","3105 SW 5TH CT","GAINESVILLE","32601","COLCLOUGH HILL","2,844","15700-022-000","$1,000,000","4","2","1","1965","None","Single Family Residence","Fee Simple","$3,854.88","3","3","4","Conventional","05/07/2024","$351.62","$351.62","1.00","ARISTA REALTY","Mike Hastings","259503533","259505695","Gainesville-Alachua","Gainesville-Alachua"
"1","GC519421","SLD","5807 SW 103RD ST","GAINESVILLE","32608","N/A","4,007","07071-006-000","$1,000,000","4","4","1","2004","Private","Single Family Residence","Fee Simple","$14,823.00","36","36","70","Conventional","04/24/2024","$287.00","$249.56","0.87","PEPINE REALTY","Betsy Pepine","259503892","259500035","Gainesville-Alachua","Gainesville-Alachua"
"1","GC519216","SLD","15652 NW 48TH PL","ALACHUA","32615","CHARLESTON PH 1","3,712","04129-010-007","$1,000,000","4","4","1","2006","Private","Single Family Residence","Fee Simple","$11,522.26","289","289","290","Cash","12/30/2024","$296.34","$269.4","0.91","ENGEL & VOLKERS GAINESVILLE","Denise Rosenberg","259506898","264000987","Gainesville-Alachua","Gainesville-Alachua"
"1","GC526834","SLD","696 SW 139TH CT","NEWBERRY","32669","WIMBERLEY SUB PB 37 PG 62","3,147","04343-010-017","$1,011,550","4","3","1","2024","None","Single Family Residence","Fee Simple","$2,266.85","0","0","3","Conventional","12/12/2024","$321.43","$321.43","1.00","COLDWELL BANKER M.M. PARRISH REALTORS","Kris Kelly","259505056","259500037","Gainesville-Alachua","Gainesville-Alachua"
"1","GC519155","SLD","7218 NW 14TH AVE","GAINESVILLE","32605","UNIVERSITY ACRES","4,364","06337-014-000","$1,025,000","4","4","1","1977","Private","Single Family Residence","Fee Simple","$10,111.87","120","120","120","Conventional","07/12/2024","$240.38","$234.88","0.98","COLDWELL BANKER M.M. PARRISH, REALTORS","Jeff Quigley","259500615","259500037","Gainesville-Alachua","Gainesville-Alachua"
"1","GC523958","SLD","3840 SW 106TH ST","GAINESVILLE","32608","WILDS PLANTATION","3,695","06852-040-117","$1,035,000","5","3","1","2010","Private","Single Family Residence","Fee Simple","$16,560.00","27","27","27","Conventional","09/27/2024","$292.29","$280.11","0.96","RE/MAX PROFESSIONALS","Minmin Jin","259505608","259507873","Gainesville-Alachua","Gainesville-Alachua"
"1","GC522971","SLD","4606 SW 97TH TER","GAINESVILLE","32608","HAILE PLANTATION UNIT 26 PH II","4,903","06860-262-042","$1,050,000","6","5","0","1997","Private","Single Family Residence","Fee Simple","$13,372.79","12","12","12","Conventional","08/09/2024","$244.75","$214.15","0.88","PEPINE REALTY","Mark Gajda","259505420","259505695","Gainesville-Alachua","Gainesville-Alachua"
"1","GC520979","SLD","2227 NW 3RD PL","GAINESVILLE","32603","PINEDELL","2,343","15125-000-000","$1,050,000","5","3","1","1954","None","Single Family Residence","Fee Simple","$4,723.59","0","0","1","Cash","04/26/2024","$448.14","$448.14","1.00","BOSSHARDT REALTY SERVICES LLC","Heather Doughton","259502062","259500004","Gainesville-Alachua","Gainesville-Alachua"
"1","GC520464","SLD","14004 NW 21ST LN","GAINESVILLE","32606","N/A","4,792","04290-004-000","$1,050,000","5","4","1","2006","Private","Single Family Residence","Fee Simple","$13,902.45","133","133","133","Conventional","09/06/2024","$249.37","$219.12","0.88","KELLER WILLIAMS GAINESVILLE REALTY PARTNERS","Cody Loomis","259507757","259500004","Gainesville-Alachua","Gainesville-Alachua"
"1","GC519396","SLD","11241 SW 36TH RD","GAINESVILLE","32608","OAKMONT PH 2 PB 32 PG 30","3,367","04427-111-315","$1,050,000","4","3","1","2018","None","Single Family Residence","Fee Simple","$13,793.63","54","54","54","Conventional","05/06/2024","$332.64","$311.85","0.94","COLDWELL BANKER M.M. PARRISH, REALTORS","Cindy Birk","259503772","259504926","Gainesville-Alachua","Gainesville-Alachua"
"1","GC522208","SLD","3467 SW 111TH DR","GAINESVILLE","32608","OAKMONT","4,149","04427-111-488","$1,061,290","5","3","1","2024","Community","Single Family Residence","Co-op","$0.00","0","0","0","Conventional","11/04/2024","$252.38","$255.79","1.01","ICI SELECT REALTY","Ali Kargar","253004979","55055","Gainesville-Alachua","Pinellas Suncoast"
"1","GC518514","SLD","1268 SW 109TH DR","GAINESVILLE","32607","CHENEY WALK ESTATES PH 1","4,425","04422-100-004","$1,070,000","5","5","0","2007","Private","Single Family Residence","Fee Simple","$18,028.34","194","194","249","Conventional","10/07/2024","$291.53","$241.81","0.83","KELLER WILLIAMS GAINESVILLE REALTY PARTNERS","Raven Knowles","259506089","259505695","Gainesville-Alachua","Gainesville-Alachua"
"1","GC520181","SLD","8608 SW 38TH AVE","GAINESVILLE","32608","HAILE PLANTATION UNIT 34 PH 4","4,131","06860-344-023","$1,090,000","5","4","1","2006","Private","Single Family Residence","Fee Simple","$13,523.09","6","6","7","Conventional","04/30/2024","$288.07","$263.86","0.92","BHGRE THOMAS GROUP","Rachel Kerensky","259506412","260030684","Gainesville-Alachua","Gainesville-Alachua"
"1","GC519357","SLD","8609 SW 40TH AVE","GAINESVILLE","32608","HAILE PLANTATION UNIT 34 PH 4","4,000","06860-344-015","$1,093,500","4","3","1","2003","Private, Community","Single Family Residence","Fee Simple","$17,425.50","4","4","6","Conventional","03/29/2024","$274.75","$273.38","0.99","COLDWELL BANKER M.M. PARRISH R","Cindy Birk","259503772","259504926","Gainesville-Alachua","Gainesville-Alachua"
"1","GC521784","SLD","3544 SW 105TH ST","GAINESVILLE","32608","WILDS PLANTATION","4,034","06852-030-079","$1,100,000","4","3","1","2009","Private","Single Family Residence","Fee Simple","$20,575.00","150","150","153","Conventional","11/18/2024","$297.22","$272.68","0.92","KELLER WILLIAMS GAINESVILLE REALTY PARTNERS","Whitney Johnson Perkins","259504068","259500004","Gainesville-Alachua","Gainesville-Alachua"
"1","GC517555","SLD","11420 NW 202ND ST","ALACHUA","32615","NOT IN SUBDIVISION","1,058","01645-000-000","$1,100,000","3","1","0","1990","None","Single Family Residence","Fee Simple","$2,943.63","230","230","365","Cash","12/13/2024","$1,124.76","$1,039.7","0.92","KELLER WILLIAMS GAINESVILLE REALTY PARTNERS","Whitney Johnson Perkins","259504068","271515687","Gainesville-Alachua","Gainesville-Alachua"
"1","GC516501","SLD","21781 NW COUNTY ROAD 2054","ALACHUA","32615","N/A","3,316","01648-000-000","$1,100,000","5","4","0","2015","Private","Single Family Residence","Fee Simple","$8,874.10","121","121","121","Conventional","02/27/2024","$361.58","$331.72","0.92","COLDWELL BANKER M.M. PARRISH, REALTORS","Jacqui Knowles","259503594","773656","Gainesville-Alachua","Gainesville-Alachua"
"1","GC523896","SLD","3683 SW 117TH TER","GAINESVILLE","32608","OAKMONT","3,554","04427111749","$1,102,633","4","4","1","2024","Community","Single Family Residence","Co-op","$0.00","0","0","0","Cash","12/31/2024","$310.06","$310.25","1.00","ICI SELECT REALTY","Ali Kargar","253004979","259507873","Gainesville-Alachua","Pinellas Suncoast"
"1","GC519524","SLD","2706 SW 105TH ST","GAINESVILLE","32608","ESTATES OF WILDS PLANTATION","3,191","06852-100-078","$1,110,000","3","3","0","2019","Private","Single Family Residence","Fee Simple","$14,371.28","35","35","35","Cash","05/28/2024","$350.99","$347.85","0.99","COLDWELL BANKER M.M. PARRISH, REALTORS","Cindy Birk","259503772","261558555","Gainesville-Alachua","Gainesville-Alachua"
"1","GC517329","SLD","2832 SW 106TH ST","GAINESVILLE","32608","ESTATES OF WILDS PLANTATION","3,107","06852-100-008","$1,119,000","4","3","0","2016","Private","Single Family Residence","Fee Simple","$14,057.02","79","79","79","Cash","02/23/2024","$360.15","$360.15","1.00","PEPINE REALTY","Mark Gajda","259505420","259504964","Gainesville-Alachua","Gainesville-Alachua"
"1","GC522357","SLD","18118 SW 67TH AVE","ARCHER","32618","N/A","3,631","04527-002-003","$1,125,000","4","3","1","2008","None","Single Family Residence","Fee Simple","$14,636.23","197","197","198","Cash","12/30/2024","$329.11","$309.83","0.94","HOMETOWN REALTY OF NORTH FLORIDA, INC","Stephanie Barron","254004037","259504874","Gainesville-Alachua","Gainesville-Alachua"
"1","GC522779","SLD","11037 SW 33RD LN","GAINESVILLE","32608","OAKMONT","4,001","04427-111-455","$1,144,388","5","4","0","2024","Community","Single Family Residence","Co-op","$0.00","0","0","0","Conventional","12/30/2024","$286.03","$286.03","1.00","ICI SELECT REALTY","Ali Kargar","253004979","259507873","Gainesville-Alachua","Pinellas Suncoast"
"1","GC522148","SLD","2735 SW 105TH ST","GAINESVILLE","32608","ESTATES OF WILDS PLANTATION","3,284","06852-100-091","$1,150,000","4","4","0","2021","Private","Single Family Residence","Fee Simple","$15,444.39","0","0","0","Conventional","06/26/2024","$380.63","$350.18","0.92","DALTON WADE INC","Rami Salem","259506079","260031661","Gainesville-Alachua","Pinellas Suncoast"
"1","GC519760","SLD","2877 SW 85TH TER","GAINESVILLE","32608","HAILE PLANTATION","4,828","06860-363-008","$1,150,000","3","3","1","2007","Private, Community","Single Family Residence","Fee Simple","$13,089.00","50","50","53","Conventional","06/07/2024","$246.27","$238.19","0.97","COLDWELL BANKER M.M. PARRISH R","Lauretta Fogg","259500478","259506003","Gainesville-Alachua","Gainesville-Alachua"
"1","GC519790","SLD","10797 SW 36TH PL","GAINESVILLE","32608","OAKMONT","3,379","04427-111-427","$1,156,900","5","4","1","2024","Community","Single Family Residence","Co-op","$0.00","0","0","0","Conventional","08/06/2024","$339.61","$342.38","1.01","ICI SELECT REALTY","Ali Kargar","253004979","253001996","Gainesville-Alachua","Tampa"
"1","GC520526","SLD","24124 NW 78TH AVE","ALACHUA","32615","DOVE MEADOWS","3,386","01752-010-004","$1,160,000","4","3","1","1998","Private","Single Family Residence","Fee Simple","$10,629.09","40","40","63","Cash","06/28/2024","$369.17","$342.59","0.93","UNITED COUNTRY SMITH & ASSOCIATES - NEWBERRY","Kristi Crane","259505576","55055","Gainesville-Alachua","Gainesville-Alachua"
"1","GC519362","SLD","7631 NW 187TH TER","ALACHUA","32615","SANTA FE FOREST","3,379","04082-010-001","$1,190,000","4","3","1","2018","None","Single Family Residence","Fee Simple","$10,179.00","5","5","20","Cash","04/19/2024","$352.18","$352.18","1.00","PEPINE REALTY","Betsy Pepine","259503892","259506003","Gainesville-Alachua","Gainesville-Alachua"
"1","GC517275","SLD","2878 SW 106TH ST","GAINESVILLE","32608","ESTATES OF WILDS PLANTATION","3,217","06852-100-009","$1,190,000","4","3","0","2018","Private","Single Family Residence","Fee Simple","$13,712.03","35","35","35","Conventional","02/01/2024","$388.56","$369.91","0.95","ENGEL & VOLKERS GAINESVILLE","Samantha Costello","259507439","259500037","Gainesville-Alachua","Gainesville-Alachua"
"1","GC522655","SLD","4106 SW 96TH DR","GAINESVILLE","32608","HAILE PLANTATION","4,429","06860-270-013","$1,200,000","4","3","0","1994","Private","Single Family Residence","Fee Simple","$13,780.00","0","0","4","Conventional","07/02/2024","$270.94","$270.94","1.00","BHGRE THOMAS GROUP","Tiffany Thomas","259503896","259504926","Gainesville-Alachua","Gainesville-Alachua"
"1","GC519844","SLD","10488 SW 41ST AVE","GAINESVILLE","32608","WILDS PLANTATION","4,108","06852-040-098","$1,200,000","4","4","0","2015","Private","Single Family Residence","Fee Simple","$22,275.51","97","97","123","Conventional","07/26/2024","$298.20","$292.11","0.98","BOSSHARDT REALTY SERVICES LLC","Lauren Morgan","261558703","259500037","Gainesville-Alachua","Gainesville-Alachua"
"1","GC519669","SLD","2771 SW 85TH TER","GAINESVILLE","32608","HAILE PLANTATION UNIT 36 PH 3","3,639","06860-363-010","$1,200,000","4","3","1","2008","Private","Single Family Residence","Fee Simple","$10,711.98","51","51","51","Cash","06/05/2024","$370.98","$329.76","0.89","BHHS FLORIDA REALTY","Laraine Teiss","259500635","260031891","Gainesville-Alachua","Gainesville-Alachua"
"1","GC510603","SLD","12215 SE COUNTY ROAD 234","MICANOPY","32667","N/A","3,482","16446-004-000","$1,200,000","3","5","1","1998","None","Single Family Residence","Fee Simple","$16,237.93","404","404","404","Conventional","04/30/2024","$358.99","$344.63","0.96","BHGRE THOMAS GROUP","Lore Davis","259503727","259504972","Gainesville-Alachua","Gainesville-Alachua"
"1","GC523752","SLD","10751 SW 40TH LN","GAINESVILLE","32608","OAKMONT","3,235","04427111774","$1,215,841","4","3","1","2024","Community","Single Family Residence","Co-op","$0.00","0","0","0","Cash","12/13/2024","$375.84","$375.84","1.00","ICI SELECT REALTY","Ali Kargar","253004979","253001996","Gainesville-Alachua","Pinellas Suncoast"
"1","GC524551","SLD","3950 NW 30TH PL","GAINESVILLE","32606","PELHAM PLACE","3,556","06107-100-002","$1,225,500","4","3","0","2002","Private","Single Family Residence","Fee Simple","$11,012.43","84","84","84","Conventional","12/23/2024","$392.86","$344.63","0.88","BOSSHARDT REALTY SERVICES LLC","Heather Doughton","259502062","780027","Gainesville-Alachua","Gainesville-Alachua"
"1","GC514890","SLD","3467 SW 107TH TER","GAINESVILLE","32608","OAKMONT","3,516","04427-111-423","$1,226,126","4","4","0","2024","Private","Single Family Residence","Fee Simple","$5,782.00","4","4","5","Conventional","01/22/2024","$348.73","$348.73","1.00","COLDWELL BANKER M.M. PARRISH, REALTORS","Rana Schafer","259503515","259504964","Gainesville-Alachua","Gainesville-Alachua"
"1","GC519594","SLD","773 SW 135TH WAY","NEWBERRY","32669","TOWN OF TIOGA PH 12","3,944","04333-112-300","$1,230,000","5","4","1","2015","Private","Single Family Residence","Fee Simple","$20,095.46","50","50","50","Conventional","06/03/2024","$329.36","$311.87","0.95","KELLER WILLIAMS GAINESVILLE REALTY PARTNERS","Raven Knowles","259506089","259500056","Gainesville-Alachua","Gainesville-Alachua"
"1","GC525560","SLD","13563 SW 11TH RD","NEWBERRY","32669","TOWN OF TIOGA PH 21 PB 38 PG 89","3,575","04333-121-481","$1,244,247","4","4","1","2024","Private, Community","Single Family Residence","Fee Simple","$2,716.12","0","0","4","Conventional","10/15/2024","$348.04","$348.04","1.00","TIOGA REALTY LLC","Amber Beckham","259506042","259507873","Gainesville-Alachua","Gainesville-Alachua"
"1","GC518243","SLD","13250 SW 11TH PL","NEWBERRY","32669","TOWN OF TIOGA","3,486","04333-120-474","$1,250,000","4","4","0","2024","Private, Community","Single Family Residence","Fee Simple","$2,654.00","124","124","124","Conventional","07/01/2024","$359.67","$358.58","1.00","TIOGA REALTY INC","Amber Beckham","259506042","259504926","Gainesville-Alachua","Gainesville-Alachua"
"1","GC517482","SLD","2649 SW 117TH ST","GAINESVILLE","32608","OAKMONT PH 1 UNIT 1C","3,724","04427-111-158","$1,250,000","5","4","0","2018","Private, Community","Single Family Residence","Fee Simple","$20,324.00","94","94","94","Conventional","04/15/2024","$359.96","$335.66","0.93","ENGEL & VOLKERS GAINESVILLE","Anna Olcese","259505223","259505695","Gainesville-Alachua","Gainesville-Alachua"
"1","GC522075","SLD","362 SW 131ST ST","NEWBERRY","32669","TOWN OF TIOGA","4,571","04333-060-166","$1,275,000","5","4","2","2005","Private, Community","Single Family Residence","Fee Simple","$18,132.65","17","17","17","Cash","08/08/2024","$295.34","$278.93","0.94","MOMENTUM REALTY - GAINESVILLE","Donavan Arnold","259504887","259500037","Gainesville-Alachua","Gainesville-Alachua"
"1","GC521554","SLD","2107 NW 104TH WAY","GAINESVILLE","32606","CARRIAGE WAY","4,316","06303-050-014","$1,289,000","4","3","1","2017","Private","Single Family Residence","Fee Simple","$19,511.00","4","4","4","Conventional","07/01/2024","$298.66","$298.66","1.00","RE/MAX PROFESSIONALS","Laura Javidi","259505316","259507873","Gainesville-Alachua","Gainesville-Alachua"
"1","OM666750","SLD","15008 NW 41ST AVE","NEWBERRY","32669","STEEPLECHASE FARMS","4,199","04170-010-009","$1,300,000","4","3","0","1999","None","Single Family Residence","Fee Simple","$8,292.09","105","105","108","Cash","04/01/2024","$332.22","$309.6","0.93","HOMERUN REALTY","Catherine Crandon","271510169","259504964","Ocala - Marion","Ocala - Marion"
"1","GC516906","SLD","11416 NW STATE ROAD 45","HIGH SPRINGS","32643","N/A","4,976","01662-012-001","$1,300,000","5","3","1","1996","None","Single Family Residence","Fee Simple","$12,983.94","120","120","157","Cash","04/01/2024","$271.10","$261.25","0.96","WATSON REALTY CORP- TIOGA","Ric Fair","259506391","271500113","Gainesville-Alachua","Gainesville-Alachua"
"1","GC512804","SLD","4616 SW 97TH TER","GAINESVILLE","32608","HAILE PLANTATION UNIT 26 PH II","4,408","06860-262-043","$1,325,000","5","5","0","1997","Private","Single Family Residence","Fee Simple","$15,179.50","304","304","341","Cash","03/26/2024","$345.96","$300.59","0.87","EXIT REALTY PRODUCERS","Mark Trombetta","259506517","259500054","Gainesville-Alachua","Gainesville-Alachua"
"1","GC517715","SLD","3222 SW 106TH ST","GAINESVILLE","32608","ESTATES OF WILDS PLANTATION","3,955","06852-100-019","$1,350,000","5","4","1","2017","Private","Single Family Residence","Fee Simple","$16,390.83","145","145","145","Cash","05/09/2024","$352.72","$341.34","0.97","COLDWELL BANKER M.M. PARRISH, REALTORS","Cindy Birk","259503772","259504874","Gainesville-Alachua","Gainesville-Alachua"
"1","GC524034","SLD","2807 SW 117TH ST","GAINESVILLE","32608","OAKMONT PH 1 UNIT 1A","4,200","04427-111-026","$1,355,000","3","3","1","2017","Private","Single Family Residence","Fee Simple","$24,158.00","40","40","41","Cash","11/04/2024","$351.19","$322.62","0.92","BROXSON REAL ESTATE GROUP","Jamie Williams, LLC","259506813","259500004","Gainesville-Alachua","Gainesville-Alachua"
"1","GC518905","SLD","4518 SW 97TH TER","GAINESVILLE","32608","HAILE PLANTATION UNIT 26 PH II","4,680","06860-262-038","$1,355,000","6","5","0","1996","Private","Single Family Residence","Fee Simple","$15,415.01","16","16","18","Conventional","04/11/2024","$298.08","$289.53","0.97","BHGRE THOMAS GROUP","Rachel Kerensky","259506412","259504926","Gainesville-Alachua","Gainesville-Alachua"
"1","OM680324","SLD","979 SW 132ND ST","NEWBERRY","32669","TOWN OF TIOGA PH 19 PB 36 PG 68","3,910","04333-119-455","$1,369,000","5","5","1","2023","Private, Community","Single Family Residence","Fee Simple","$2,716.00","102","41","55","Conventional","09/11/2024","$364.45","$350.13","0.96","ENGEL & VOLKERS OCALA","Alair Boshela","657023598","259506003","Ocala - Marion","Ocala - Marion"
"1","GC518724","SLD","15017 NW 45TH PL","NEWBERRY","32669","THE GROVE","4,637","04173-010-022","$1,370,000","5","4","1","2008","Private","Single Family Residence","Fee Simple","$16,246.00","102","102","124","Cash","06/24/2024","$322.41","$295.45","0.92","COLDWELL BANKER M.M. PARRISH, REALTORS","Lauretta Fogg","259500478","259500037","Gainesville-Alachua","Gainesville-Alachua"
"1","GC519286","SLD","404 NW 23RD ST","GAINESVILLE","32607","ELIZABETH PLACE","6,399","06440-008-000","$1,375,000","5","6","3","1962","Private","Single Family Residence","Fee Simple","$19,466.05","122","122","122","Conventional","07/19/2024","$278.17","$214.88","0.77","BOSSHARDT REALTY SERVICES LLC","Eddie Bell","259500239","259504874","Gainesville-Alachua","Gainesville-Alachua"
"1","O6144765","SLD","2808 SW 117TH ST","GAINESVILLE","32608","OAKMONT PH 1 UNIT 1A","4,906","04427-111-022","$1,390,000","5","4","1","2015","Private, Community","Single Family Residence","Fee Simple","$17,501.00","81","81","110","Conventional","02/17/2024","$285.16","$283.33","0.99","BEYCOME OF FLORIDA LLC","Steven Koleno","364512302","259504964","Orlando Regional","Orlando Regional"
"1","GC523898","SLD","4375 SW STATE RD 45","NEWBERRY","32669","NOT IN A SUBDIVISION","3,478","02565-002-000","$1,400,000","3","3","1","2024","None","Single Family Residence","Fee Simple","$103.54","77","77","77","Cash","12/18/2024","$409.72","$402.53","0.98","UNITED COUNTRY SMITH & ASSOCIATES - NEWBERRY","Brad Smith","254000055","270523109","Gainesville-Alachua","Gainesville-Alachua"
"1","GC521632","SLD","2450 SW 115TH DR","GAINESVILLE","32608","OAKMONT","4,064","04427-111-163","$1,402,699","5","5","1","2024","Private, Community","Single Family Residence","Co-op","$0.00","0","0","0","Conventional","09/26/2024","$345.15","$345.15","1.00","ICI SELECT REALTY","Ali Kargar","253004979","253001996","Gainesville-Alachua","Pinellas Suncoast"
"1","GC519776","SLD","1961 NW 104TH WAY","GAINESVILLE","32606","CARRIAGE WAY","5,042","06303-050-010","$1,450,000","5","5","1","2010","Private","Single Family Residence","Fee Simple","$19,323.00","3","3","4","Conventional","05/15/2024","$293.34","$287.58","0.98","COLDWELL BANKER M.M. PARRISH R","Lauretta Fogg","259500478","259504926","Gainesville-Alachua","Gainesville-Alachua"
"1","GC524261","SLD","1961 NW 104TH WAY","GAINESVILLE","32606","CARRIAGE WAY","4,961","06303-050-010","$1,470,000","5","5","1","2010","Private","Single Family Residence","Fee Simple","$19,323.00","13","13","13","Conventional","10/01/2024","$301.35","$296.31","0.98","BHGRE THOMAS GROUP","Tiffany Thomas","259503896","259500037","Gainesville-Alachua","Gainesville-Alachua"
"1","GC519481","SLD","3078 SW 113TH DR","GAINESVILLE","32608","OAKMONT PH 1 UNIT 1B","4,225","04427-111-103","$1,470,000","4","4","1","2019","Private, Community","Single Family Residence","Fee Simple","$21,320.00","51","51","51","Cash","05/31/2024","$366.86","$347.93","0.95","BHGRE THOMAS GROUP","Brenda Banks","259500490","261016942","Gainesville-Alachua","Gainesville-Alachua"
"1","GC518360","SLD","1103 SW 6TH AVE","GAINESVILLE","32601","UNIVERSITY HEIGHTS","4,809","13176-000-000","$1,471,500","9","7","0","1900","None","Single Family Residence","Fee Simple","$12,964.00","9","9","9","Cash","02/01/2024","$311.92","$305.99","0.98","MOELLER REALTY INC","Tom Leinbaugh","259500209","259506269","Gainesville-Alachua","Gainesville-Alachua"
"1","GC515254","SLD","775 SW 134TH WAY","NEWBERRY","32669","TOWN OF TIOGA PH 12","5,232","04333-112-292","$1,472,500","6","7","0","2009","Private, Community","Single Family Residence","Fee Simple","$18,537.99","144","144","145","VA","02/29/2024","$295.78","$281.44","0.95","TIOGA REALTY INC","Tom Reilly","259503138","259500046","Gainesville-Alachua","Gainesville-Alachua"
"1","GC519288","SLD","5137 SW 125TH CIR","ARCHER","32618","FLINT ROCK AGRIHOOD PH 1 PB 37 PG 51","4,008","04490-010-006","$1,531,630","4","4","0","2024","Private","Single Family Residence","Fee Simple","$3,202.00","40","40","41","Conventional","05/10/2024","$393.96","$382.14","0.97","COLDWELL BANKER M.M. PARRISH, REALTORS","Carly Waters","259505862","259500037","Gainesville-Alachua","Gainesville-Alachua"
"1","GC517471","SLD","1831 SW 112TH ST","GAINESVILLE","32607","HAYES GLEN","6,773","04422-020-003","$1,550,000","7","6","1","1997","Private","Single Family Residence","Fee Simple","$16,453.00","215","215","246","Cash","07/26/2024","$243.61","$228.85","0.94","MOMENTUM REALTY - GAINESVILLE","K.C. Harder","259506085","259507001","Gainesville-Alachua","Gainesville-Alachua"
"1","GC517402","SLD","17942 NW 105TH TER","ALACHUA","32615","N/A","6,166","05732-003-006","$1,580,000","4","4","1","2012","None","Single Family Residence","Fee Simple","$18,923.00","13","13","13","Conventional","02/12/2024","$256.24","$256.24","1.00","FLORIDA HOMES REALTY & MORTGAGE LLC","Parul Dharme Shah, PA","259506286","259504964","Gainesville-Alachua","Gainesville-Alachua"
"1","GC518965","SLD","5883 SW 124TH WAY","ARCHER","32618","FLINT ROCK AGRIHOOD PH 1 PB 37 PG 51","3,979","04490-010-031","$1,649,000","6","6","0","2024","Private","Single Family Residence","Fee Simple","$3,202.30","53","53","53","Conventional","05/17/2024","$414.43","$414.43","1.00","COLDWELL BANKER M.M. PARRISH, REALTORS","Jeff Quigley","259500615","264000987","Gainesville-Alachua","Gainesville-Alachua"
"1","GC524899","SLD","2491 NW 152ND CT","NEWBERRY","32669","KINGSTON","3,342","04227-100-003","$1,650,000","3","3","0","2023","Private","Single Family Residence","Fee Simple","$3,578.00","50","50","84","Cash","12/19/2024","$505.69","$493.72","0.98","BHGRE THOMAS GROUP","Brenda Banks","259500490","259504926","Gainesville-Alachua","Gainesville-Alachua"
"1","GC523660","SLD","4623 SW 105TH DR","GAINESVILLE","32608","HAILE PLANTATION","5,350","06860-210-024","$1,650,000","5","5","0","2011","Private","Single Family Residence","Fee Simple","$19,646.81","55","55","56","Conventional","11/12/2024","$316.82","$308.41","0.97","BHGRE THOMAS GROUP","Rachel Kerensky","259506412","259500037","Gainesville-Alachua","Gainesville-Alachua"
"1","GC515471","SLD","5144 SW 125TH CIR","ARCHER","32618","FLINT ROCK AGRIHOOD","4,198","04490010007","$1,700,000","4","3","1","2023","Private","Single Family Residence","Fee Simple","$3,244.00","247","247","253","Cash","05/07/2024","$452.36","$404.95","0.90","ENGEL & VOLKERS GAINESVILLE","Lori Willis","259504385","264000987","Gainesville-Alachua","Gainesville-Alachua"
"1","GC516162","SLD","111 NW 116TH WAY","GAINESVILLE","32607","SAWBUCK","6,616","04322-010-017","$1,716,666","5","5","0","1987","Private","Single Family Residence","Fee Simple","$15,324.57","135","135","145","Conventional","03/28/2024","$286.43","$259.47","0.91","BHHS FLORIDA REALTY","Laraine Teiss","259500635","259500004","Gainesville-Alachua","Gainesville-Alachua"
"1","GC511992","SLD","12576 SW 58TH CIR","ARCHER","32618","FLINT ROCK AGRIHOOD PH 1 PB 37 PG 51","4,311","04490-010-017","$1,739,000","5","4","0","2023","Private","Single Family Residence","Fee Simple","$3,241.00","412","412","412","Conventional","06/05/2024","$403.39","$403.39","1.00","BHGRE THOMAS GROUP","Brenda Banks","259500490","259505695","Gainesville-Alachua","Gainesville-Alachua"
"1","GC524436","SLD","2575 NW 150TH BLVD","NEWBERRY","32669","KINGSTON PLACE","3,955","04227-100-011","$1,827,015","4","4","0","2025","Private","Single Family Residence","Fee Simple","$3,727.00","0","0","0","Conventional","10/18/2024","$461.95","$461.95","1.00","BHGRE THOMAS GROUP","Brenda Banks","259500490","259504926","Gainesville-Alachua","Gainesville-Alachua"
"1","GC525985","SLD","3421 SW 92 ST","GAINESVILLE","32608","HAILE PLANTATION/ CAMERON PARK","5,380","06860-343-004","$1,847,500","6","6","2","2000","Private","Single Family Residence","Fee Simple","$23,330.00","0","0","1","Conventional","11/07/2024","$343.40","$343.4","1.00","BOSSHARDT REALTY SERVICES LLC","Cathy Lentz","259506160","259500046","Gainesville-Alachua","Gainesville-Alachua"
"1","J981760","SLD","10873 SW 32ND RD","GAINESVILLE","32608","OAKMONT PH 3 PB 35 PG 60","4,200","04427-111-400","$1,859,000","4","4","0","2024","Private","Single Family Residence","Fee Simple","$9,200.41","0","0","-358","Conventional","09/30/2024","$442.62","$442.62","1.00","STELLAR NON-MEMBER OFFICE","Non-Member Agent","123456789","259500004","For Future Use","Other"
"1","GC521296","SLD","11565 SW 3RD AVE","GAINESVILLE","32607","N/A","4,076","04330-020-002","$1,875,000","4","5","1","2019","Private","Single Family Residence","Fee Simple","$13,311.05","8","8","9","Cash","06/14/2024","$478.41","$460.01","0.96","ENGEL & VOLKERS GAINESVILLE","Denise Rosenberg","259506898","259500004","Gainesville-Alachua","Gainesville-Alachua"
"1","GC519116","SLD","TBD SW 108TH WAY","GAINESVILLE","32608","OAKMONT PH 3 PB 35 PG 60","4,020","04427-111-392","$1,888,931","4","4","0","2025","Private, Community","Single Family Residence","Fee Simple","$9,165.00","0","0","0","Cash","03/08/2024","$469.88","$469.88","1.00","BHGRE THOMAS GROUP","Brenda Banks","259500490","259505695","Gainesville-Alachua","Gainesville-Alachua"
"1","GC524313","SLD","2693 NW 152ND CT","NEWBERRY","32669","KINGSTON PLACE PB 36 PG 73","4,596","04227-100-009","$1,903,431","4","4","1","2025","None","Single Family Residence","Fee Simple","$3,727.00","0","0","0","Conventional","11/08/2024","$414.15","$414.15","1.00","BHGRE THOMAS GROUP","Brenda Banks","259500490","259504926","Gainesville-Alachua","Gainesville-Alachua"
"1","GC520193","SLD","11076 SW 30TH AVE","GAINESVILLE","32608","OAKMONT PH 1 UNIT 1D","5,644","04427-111-179","$1,950,000","6","6","1","2018","Private","Single Family Residence","Fee Simple","$29,132.00","116","116","136","Conventional","10/31/2024","$372.08","$345.5","0.93","ENGEL & VOLKERS GAINESVILLE","Carrie Cason","264000102","259504926","Gainesville-Alachua","Gainesville-Alachua"
"1","GC523241","SLD","10960 SW 30TH AVE","GAINESVILLE","32608","OAKMONT PH 3 PB 35 PG 60","4,161","04427-111-384","$1,992,550","4","3","1","2023","Private, Community","Single Family Residence","Fee Simple","$8,479.00","0","0","0","Cash","06/28/2024","$478.86","$478.86","1.00","BHGRE THOMAS GROUP","Brenda Banks","259500490","259504926","Gainesville-Alachua","Gainesville-Alachua"
"1","GC520781","SLD","3068 SW 108TH WAY","GAINESVILLE","32608","OAKMONT","4,323","04427-111-394","$2,016,629","6","5","2","2024","Community","Single Family Residence","Co-op","$0.00","0","0","0","","12/11/2024","$455.15","$466.49","1.02","ICI SELECT REALTY","Ali Kargar","253004979","259506003","Gainesville-Alachua","Pinellas Suncoast"
"1","GC524426","SLD","10992 SW 30TH AVE","GAINESVILLE","32608","OAKMONT","4,250","04427-111-382","$2,025,000","4","4","1","2021","Private, Community","Single Family Residence","Fee Simple","$23,443.00","0","0","0","Conventional","10/25/2024","$491.76","$476.47","0.97","BHGRE THOMAS GROUP","Brenda Banks","259500490","259500004","Gainesville-Alachua","Gainesville-Alachua"
"1","GC515805","SLD","10961 SW 32ND RD","GAINESVILLE","32608","OAKMONT","4,694","04427-111-398","$2,100,000","4","4","2","2024","Private, Community","Single Family Residence","Fee Simple","$8,140.00","114","114","114","Cash","06/14/2024","$447.38","$447.38","1.00","COLDWELL BANKER M.M. PARRISH R","Rana Schafer","259503515","259504926","Gainesville-Alachua","Gainesville-Alachua"
"1","GC510451","SLD","12527 SW 58TH CIR","ARCHER","32618","FLINT ROCK AGRIHOOD/THE ORCHARD","4,354","04490-010-021","$2,109,211","4","5","1","2024","Private","Single Family Residence","Fee Simple","$3,202.00","111","111","111","Cash","05/31/2024","$410.89","$484.43","1.18","COLDWELL BANKER M.M. PARRISH R","Jacqui Knowles","259503594","265500326","Gainesville-Alachua","Gainesville-Alachua"
"1","GC525592","SLD","10911 SW 32ND RD","GAINESVILLE","32608","OAKMONT PH 3 PB 35 PG 60","4,897","04427-111-399","$2,245,000","4","4","1","2023","Private, Community","Single Family Residence","Fee Simple","$9,200.41","15","15","16","Conventional","12/12/2024","$474.78","$458.44","0.97","BHGRE THOMAS GROUP","Rachel Kerensky","259506412","259504926","Gainesville-Alachua","Gainesville-Alachua"
"1","GC513294","SLD","3128 SW 111TH WAY","GAINESVILLE","32608","OAKMONT PH 2 PB 32 PG 30","5,848","04427-111-341","$2,450,000","5","5","2","2021","Private, Community","Single Family Residence","Fee Simple","$31,137.79","351","351","360","Conventional","07/15/2024","$427.50","$418.95","0.98","KELLER WILLIAMS GAINESVILLE REALTY PARTNERS","Craig Wilburn","259503108","253000361","Gainesville-Alachua","Gainesville-Alachua"
"1","GC522399","SLD","3120 SW 108TH WAY","GAINESVILLE","32608","OAKMONT PH 3 PB 35 PG 60","6,215","04427-111-393","$3,009,174","6","7","0","2025","Private, Community","Single Family Residence","Fee Simple","$9,165.00","0","0","0","Cash","06/03/2024","$484.18","$484.18","1.00","BHGRE THOMAS GROUP","Brenda Banks","259500490","259500004","Gainesville-Alachua","Gainesville-Alachua"
